{
  "timestamp": "20260310_174255",
  "n_bootstrap": 500,
  "seed": 42,
  "n_responses": 193,
  "point_estimates": {
    "silhouette": 0.2794,
    "davies_bouldin": 1.6786,
    "nmi": 0.5094,
    "ari": 0.1709
  },
  "bootstrap_cis": {
    "silhouette": {
      "mean": 0.30195533254742624,
      "std": 0.028699336929991506,
      "ci_lo": 0.2429750669747591,
      "ci_hi": 0.3582336694002151,
      "n": 500
    },
    "davies_bouldin": {
      "mean": 1.579716043462077,
      "std": 0.08335930181005267,
      "ci_lo": 1.4331248894744788,
      "ci_hi": 1.772470093890689,
      "n": 500
    },
    "nmi": {
      "mean": 0.4210305929236397,
      "std": 0.03062714645546311,
      "ci_lo": 0.3598037552682187,
      "ci_hi": 0.4789305355060148,
      "n": 500
    },
    "ari": {
      "mean": 0.10303778094822935,
      "std": 0.021383304347221483,
      "ci_lo": 0.06749991508435943,
      "ci_hi": 0.1528858377058275,
      "n": 500
    }
  }
}